{
  "num_images": 10,
  "total_gt_boxes": 19,
  "total_predictions": 15,
  "true_positives": 14,
  "false_positives": 1,
  "false_negatives": 5,
  "precision": 0.9333333333333333,
  "recall": 0.7368421052631579,
  "f1_score": 0.8235294117647058,
  "average_iou": 0.7976275027903806,
  "mAP@0.5": 0.7368421052578947,
  "classification_accuracy": 0.42857142857142855
}